text,category
Try our new Energy Drink to boost immunity.,Health
Energy Drink at flat 30% discount for a limited time.,Health
Order your new Bluetooth Speaker today and get free delivery.,Electronics
Stay healthy with our range of Face Cream.,Health
Order your new Smartwatch today and get free delivery.,Electronics
Buy the latest Laptop now with special discount!,Electronics
Experience the future of driving with Hatchback.,Automobile
Buy the latest Smartwatch now with special discount!,Electronics
Stay healthy with our range of Protein Powder.,Health
Upgrade your wardrobe with our new Hoodie designs.,Fashion
Buy the latest Smartphone now with special discount!,Electronics
Experience the future of driving with Scooter.,Automobile
Order your new Laptop today and get free delivery.,Electronics
Order your new Smartwatch today and get free delivery.,Electronics
Check out our new Jeans collection this summer!,Fashion
Introducing the new Laptop with advanced features.,Electronics
Stay healthy with our range of Face Cream.,Health
"Sedan – style, speed, and safety in one ride.",Automobile
Ayurvedic Oil approved by nutritionists and experts.,Health
"SUV – style, speed, and safety in one ride.",Automobile
Phone available at 20% off this weekend.,Electronics
Introducing the new Laptop with advanced features.,Electronics
The all-new Hatchback with better mileage and performance.,Automobile
Try our new Energy Drink to boost immunity.,Health
Introducing the new Smartwatch with advanced features.,Electronics
The all-new Hatchback with better mileage and performance.,Automobile
Trendy Hoodie now available in all sizes.,Fashion
Try our new Ayurvedic Oil to boost immunity.,Health
Protein Powder now with herbal ingredients for daily wellness.,Health
Shoes on sale – style meets comfort.,Fashion
The all-new Electric Bike with better mileage and performance.,Automobile
Trendy Hoodie now available in all sizes.,Fashion
Stay healthy with our range of Face Cream.,Health
Buy the latest Laptop now with special discount!,Electronics
Face Cream now with herbal ingredients for daily wellness.,Health
Trendy Jeans now available in all sizes.,Fashion
T-shirt that redefine your everyday fashion.,Fashion
"Sedan – style, speed, and safety in one ride.",Automobile
Upgrade your wardrobe with our new Hoodie designs.,Fashion
Sunglasses on sale – style meets comfort.,Fashion
The all-new Sedan with better mileage and performance.,Automobile
Buy the latest Phone now with special discount!,Electronics
Buy the latest Bluetooth Speaker now with special discount!,Electronics
Order your new Laptop today and get free delivery.,Electronics
Buy the latest Smartphone now with special discount!,Electronics
The all-new SUV with better mileage and performance.,Automobile
Check out our new Shoes collection this summer!,Fashion
Jeans on sale – style meets comfort.,Fashion
Order your new Wireless Earbuds today and get free delivery.,Electronics
Sunglasses that redefine your everyday fashion.,Fashion
Limited time deal on Smartwatch. Don't miss it!,Electronics
Electric Bike now available with 2 years of free service.,Automobile
"Electric Bike – style, speed, and safety in one ride.",Automobile
Introducing the new Smartwatch with advanced features.,Electronics
Experience the future of driving with SUV.,Automobile
Introducing the new Laptop with advanced features.,Electronics
Stay healthy with our range of Energy Drink.,Health
Jeans that redefine your everyday fashion.,Fashion
Phone available at 20% off this weekend.,Electronics
Upgrade your wardrobe with our new Sunglasses designs.,Fashion
Upgrade your wardrobe with our new Hoodie designs.,Fashion
Face Cream now with herbal ingredients for daily wellness.,Health
Face Cream now with herbal ingredients for daily wellness.,Health
Limited time deal on Wireless Earbuds. Don't miss it!,Electronics
Upgrade your wardrobe with our new Sunglasses designs.,Fashion
Buy the latest Wireless Earbuds now with special discount!,Electronics
Experience the future of driving with Scooter.,Automobile
Try our new Face Cream to boost immunity.,Health
Experience the future of driving with Hatchback.,Automobile
Limited time deal on Smartphone. Don't miss it!,Electronics
"Scooter – style, speed, and safety in one ride.",Automobile
Trendy Sunglasses now available in all sizes.,Fashion
Limited time deal on Laptop. Don't miss it!,Electronics
Buy the latest Wireless Earbuds now with special discount!,Electronics
Book your Sedan test drive today!,Automobile
Ayurvedic Oil approved by nutritionists and experts.,Health
Vitamin Capsules at flat 30% discount for a limited time.,Health
Experience the future of driving with Sedan.,Automobile
Sneakers that redefine your everyday fashion.,Fashion
Vitamin Capsules at flat 30% discount for a limited time.,Health
Limited time deal on Smartphone. Don't miss it!,Electronics
Limited time deal on Bluetooth Speaker. Don't miss it!,Electronics
Stay healthy with our range of Face Cream.,Health
Stay healthy with our range of Face Cream.,Health
Face Cream at flat 30% discount for a limited time.,Health
Phone available at 20% off this weekend.,Electronics
Ayurvedic Oil at flat 30% discount for a limited time.,Health
The all-new Sedan with better mileage and performance.,Automobile
Trendy Jeans now available in all sizes.,Fashion
Introducing the new Smartwatch with advanced features.,Electronics
Try our new Protein Powder to boost immunity.,Health
Experience the future of driving with Scooter.,Automobile
Shoes on sale – style meets comfort.,Fashion
Vitamin Capsules at flat 30% discount for a limited time.,Health
Jeans on sale – style meets comfort.,Fashion
Book your Hatchback test drive today!,Automobile
"Electric Bike – style, speed, and safety in one ride.",Automobile
The all-new Scooter with better mileage and performance.,Automobile
Face Cream now with herbal ingredients for daily wellness.,Health
Buy the latest Smartwatch now with special discount!,Electronics
Protein Powder at flat 30% discount for a limited time.,Health
Sneakers that redefine your everyday fashion.,Fashion
Buy the latest Smartphone now with special discount!,Electronics
Introducing the new Bluetooth Speaker with advanced features.,Electronics
T-shirt on sale – style meets comfort.,Fashion
Buy the latest Smartwatch now with special discount!,Electronics
Wireless Earbuds available at 20% off this weekend.,Electronics
Check out our new Sneakers collection this summer!,Fashion
Book your SUV test drive today!,Automobile
"Scooter – style, speed, and safety in one ride.",Automobile
Check out our new Sneakers collection this summer!,Fashion
"Scooter – style, speed, and safety in one ride.",Automobile
Energy Drink now with herbal ingredients for daily wellness.,Health
Book your Electric Bike test drive today!,Automobile
Face Cream at flat 30% discount for a limited time.,Health
Order your new Bluetooth Speaker today and get free delivery.,Electronics
Limited time deal on Phone. Don't miss it!,Electronics
Face Cream approved by nutritionists and experts.,Health
The all-new Hatchback with better mileage and performance.,Automobile
Energy Drink approved by nutritionists and experts.,Health
Jeans that redefine your everyday fashion.,Fashion
Hoodie on sale – style meets comfort.,Fashion
Laptop available at 20% off this weekend.,Electronics
Sedan now available with 2 years of free service.,Automobile
Order your new Wireless Earbuds today and get free delivery.,Electronics
Jeans that redefine your everyday fashion.,Fashion
"SUV – style, speed, and safety in one ride.",Automobile
Book your Electric Bike test drive today!,Automobile
Upgrade your wardrobe with our new Sunglasses designs.,Fashion
Try our new Energy Drink to boost immunity.,Health
"Sedan – style, speed, and safety in one ride.",Automobile
Upgrade your wardrobe with our new Sunglasses designs.,Fashion
Face Cream approved by nutritionists and experts.,Health
Trendy Hoodie now available in all sizes.,Fashion
Jeans on sale – style meets comfort.,Fashion
Upgrade your wardrobe with our new Sunglasses designs.,Fashion
Vitamin Capsules approved by nutritionists and experts.,Health
Stay healthy with our range of Ayurvedic Oil.,Health
Vitamin Capsules approved by nutritionists and experts.,Health
Experience the future of driving with Sedan.,Automobile
Limited time deal on Phone. Don't miss it!,Electronics
T-shirt that redefine your everyday fashion.,Fashion
Ayurvedic Oil now with herbal ingredients for daily wellness.,Health
Check out our new Shoes collection this summer!,Fashion
Upgrade your wardrobe with our new Hoodie designs.,Fashion
Face Cream now with herbal ingredients for daily wellness.,Health
Wireless Earbuds available at 20% off this weekend.,Electronics
Hoodie on sale – style meets comfort.,Fashion
Shoes that redefine your everyday fashion.,Fashion
The all-new Electric Bike with better mileage and performance.,Automobile
Order your new Phone today and get free delivery.,Electronics
"Sedan – style, speed, and safety in one ride.",Automobile
Protein Powder now with herbal ingredients for daily wellness.,Health
Upgrade your wardrobe with our new Shoes designs.,Fashion
Buy the latest Smartphone now with special discount!,Electronics
Upgrade your wardrobe with our new Shoes designs.,Fashion
Upgrade your wardrobe with our new Jeans designs.,Fashion
Buy the latest Smartphone now with special discount!,Electronics
Experience the future of driving with Scooter.,Automobile
"Sedan – style, speed, and safety in one ride.",Automobile
The all-new SUV with better mileage and performance.,Automobile
Try our new Face Cream to boost immunity.,Health
Ayurvedic Oil approved by nutritionists and experts.,Health
Upgrade your wardrobe with our new Shoes designs.,Fashion
The all-new SUV with better mileage and performance.,Automobile
Limited time deal on Bluetooth Speaker. Don't miss it!,Electronics
"SUV – style, speed, and safety in one ride.",Automobile
Sneakers that redefine your everyday fashion.,Fashion
Check out our new T-shirt collection this summer!,Fashion
Try our new Face Cream to boost immunity.,Health
Introducing the new Wireless Earbuds with advanced features.,Electronics
Introducing the new Phone with advanced features.,Electronics
Trendy Hoodie now available in all sizes.,Fashion
Order your new Wireless Earbuds today and get free delivery.,Electronics
Upgrade your wardrobe with our new Hoodie designs.,Fashion
Experience the future of driving with Electric Bike.,Automobile
Order your new Phone today and get free delivery.,Electronics
Stay healthy with our range of Protein Powder.,Health
Order your new Bluetooth Speaker today and get free delivery.,Electronics
Phone available at 20% off this weekend.,Electronics
Order your new Wireless Earbuds today and get free delivery.,Electronics
Shoes on sale – style meets comfort.,Fashion
Shoes on sale – style meets comfort.,Fashion
Trendy Hoodie now available in all sizes.,Fashion
Wireless Earbuds available at 20% off this weekend.,Electronics
Upgrade your wardrobe with our new Shoes designs.,Fashion
Experience the future of driving with Scooter.,Automobile
Ayurvedic Oil now with herbal ingredients for daily wellness.,Health
"Scooter – style, speed, and safety in one ride.",Automobile
Trendy Shoes now available in all sizes.,Fashion
Check out our new Jeans collection this summer!,Fashion
Trendy Jeans now available in all sizes.,Fashion
Experience the future of driving with Scooter.,Automobile
Buy the latest Bluetooth Speaker now with special discount!,Electronics
Scooter now available with 2 years of free service.,Automobile
The all-new Scooter with better mileage and performance.,Automobile
Hatchback now available with 2 years of free service.,Automobile
SUV now available with 2 years of free service.,Automobile
Experience the future of driving with SUV.,Automobile
Experience the future of driving with Electric Bike.,Automobile
Jeans that redefine your everyday fashion.,Fashion
Face Cream approved by nutritionists and experts.,Health
Face Cream at flat 30% discount for a limited time.,Health
Energy Drink approved by nutritionists and experts.,Health
Face Cream now with herbal ingredients for daily wellness.,Health
Jeans on sale – style meets comfort.,Fashion
Limited time deal on Phone. Don't miss it!,Electronics
Buy the latest Laptop now with special discount!,Electronics
Hatchback now available with 2 years of free service.,Automobile
Sneakers on sale – style meets comfort.,Fashion
Try our new Energy Drink to boost immunity.,Health
Upgrade your wardrobe with our new Sunglasses designs.,Fashion
Jeans that redefine your everyday fashion.,Fashion
The all-new Electric Bike with better mileage and performance.,Automobile
Try our new Vitamin Capsules to boost immunity.,Health
Trendy Sunglasses now available in all sizes.,Fashion
Experience the future of driving with Scooter.,Automobile
Ayurvedic Oil now with herbal ingredients for daily wellness.,Health
"Electric Bike – style, speed, and safety in one ride.",Automobile
Face Cream now with herbal ingredients for daily wellness.,Health
The all-new SUV with better mileage and performance.,Automobile
Check out our new Jeans collection this summer!,Fashion
Vitamin Capsules now with herbal ingredients for daily wellness.,Health
Check out our new Hoodie collection this summer!,Fashion
Jeans on sale – style meets comfort.,Fashion
Upgrade your wardrobe with our new T-shirt designs.,Fashion
Upgrade your wardrobe with our new Sunglasses designs.,Fashion
Book your Electric Bike test drive today!,Automobile
Limited time deal on Smartphone. Don't miss it!,Electronics
Try our new Face Cream to boost immunity.,Health
Sneakers that redefine your everyday fashion.,Fashion
Vitamin Capsules now with herbal ingredients for daily wellness.,Health
Ayurvedic Oil now with herbal ingredients for daily wellness.,Health
Buy the latest Laptop now with special discount!,Electronics
Sneakers that redefine your everyday fashion.,Fashion
Book your Electric Bike test drive today!,Automobile
Stay healthy with our range of Energy Drink.,Health
Book your Electric Bike test drive today!,Automobile
Experience the future of driving with Sedan.,Automobile
Book your SUV test drive today!,Automobile
Hatchback now available with 2 years of free service.,Automobile
Sunglasses on sale – style meets comfort.,Fashion
Order your new Laptop today and get free delivery.,Electronics
Electric Bike now available with 2 years of free service.,Automobile
Limited time deal on Bluetooth Speaker. Don't miss it!,Electronics
Introducing the new Smartwatch with advanced features.,Electronics
"Sedan – style, speed, and safety in one ride.",Automobile
Shoes on sale – style meets comfort.,Fashion
Try our new Protein Powder to boost immunity.,Health
Vitamin Capsules approved by nutritionists and experts.,Health
Upgrade your wardrobe with our new Sunglasses designs.,Fashion
Stay healthy with our range of Face Cream.,Health
Check out our new Hoodie collection this summer!,Fashion
Try our new Ayurvedic Oil to boost immunity.,Health
Smartwatch available at 20% off this weekend.,Electronics
Experience the future of driving with Sedan.,Automobile
Order your new Smartphone today and get free delivery.,Electronics
Order your new Phone today and get free delivery.,Electronics
Try our new Ayurvedic Oil to boost immunity.,Health
Shoes that redefine your everyday fashion.,Fashion
Sunglasses that redefine your everyday fashion.,Fashion
Order your new Smartwatch today and get free delivery.,Electronics
Order your new Smartphone today and get free delivery.,Electronics
Limited time deal on Laptop. Don't miss it!,Electronics
Sunglasses that redefine your everyday fashion.,Fashion
Trendy Jeans now available in all sizes.,Fashion
Sedan now available with 2 years of free service.,Automobile
Try our new Face Cream to boost immunity.,Health
Face Cream approved by nutritionists and experts.,Health
Introducing the new Bluetooth Speaker with advanced features.,Electronics
Limited time deal on Wireless Earbuds. Don't miss it!,Electronics
Energy Drink at flat 30% discount for a limited time.,Health
Vitamin Capsules at flat 30% discount for a limited time.,Health
The all-new Sedan with better mileage and performance.,Automobile
Sunglasses on sale – style meets comfort.,Fashion
Bluetooth Speaker available at 20% off this weekend.,Electronics
The all-new Hatchback with better mileage and performance.,Automobile
Stay healthy with our range of Ayurvedic Oil.,Health
Face Cream at flat 30% discount for a limited time.,Health
Book your Sedan test drive today!,Automobile
Buy the latest Smartphone now with special discount!,Electronics
Vitamin Capsules now with herbal ingredients for daily wellness.,Health
Scooter now available with 2 years of free service.,Automobile
Upgrade your wardrobe with our new Sunglasses designs.,Fashion
Stay healthy with our range of Vitamin Capsules.,Health
Experience the future of driving with Scooter.,Automobile
Try our new Energy Drink to boost immunity.,Health
Sunglasses on sale – style meets comfort.,Fashion
Buy the latest Wireless Earbuds now with special discount!,Electronics
Protein Powder now with herbal ingredients for daily wellness.,Health
Introducing the new Smartwatch with advanced features.,Electronics
Introducing the new Bluetooth Speaker with advanced features.,Electronics
Buy the latest Bluetooth Speaker now with special discount!,Electronics
Try our new Ayurvedic Oil to boost immunity.,Health
Protein Powder approved by nutritionists and experts.,Health
The all-new Electric Bike with better mileage and performance.,Automobile
Limited time deal on Phone. Don't miss it!,Electronics
Book your Electric Bike test drive today!,Automobile
Energy Drink approved by nutritionists and experts.,Health
Protein Powder at flat 30% discount for a limited time.,Health
Vitamin Capsules approved by nutritionists and experts.,Health
Upgrade your wardrobe with our new Sneakers designs.,Fashion
The all-new Hatchback with better mileage and performance.,Automobile
Upgrade your wardrobe with our new Jeans designs.,Fashion
Limited time deal on Smartwatch. Don't miss it!,Electronics
Trendy Sneakers now available in all sizes.,Fashion
Check out our new Jeans collection this summer!,Fashion
Smartwatch available at 20% off this weekend.,Electronics
Smartphone available at 20% off this weekend.,Electronics
Book your Scooter test drive today!,Automobile
Buy the latest Laptop now with special discount!,Electronics
Sneakers that redefine your everyday fashion.,Fashion
Limited time deal on Wireless Earbuds. Don't miss it!,Electronics
The all-new Sedan with better mileage and performance.,Automobile
"Scooter – style, speed, and safety in one ride.",Automobile
Face Cream at flat 30% discount for a limited time.,Health
Try our new Protein Powder to boost immunity.,Health
Experience the future of driving with Scooter.,Automobile
Ayurvedic Oil approved by nutritionists and experts.,Health
Try our new Energy Drink to boost immunity.,Health
Protein Powder now with herbal ingredients for daily wellness.,Health
Try our new Energy Drink to boost immunity.,Health
Experience the future of driving with Sedan.,Automobile
Face Cream at flat 30% discount for a limited time.,Health
"Sedan – style, speed, and safety in one ride.",Automobile
Book your Hatchback test drive today!,Automobile
"Sedan – style, speed, and safety in one ride.",Automobile
Try our new Ayurvedic Oil to boost immunity.,Health
Stay healthy with our range of Vitamin Capsules.,Health
Check out our new Hoodie collection this summer!,Fashion
Laptop available at 20% off this weekend.,Electronics
Try our new Ayurvedic Oil to boost immunity.,Health
Check out our new Hoodie collection this summer!,Fashion
Book your Sedan test drive today!,Automobile
Energy Drink now with herbal ingredients for daily wellness.,Health
Jeans on sale – style meets comfort.,Fashion
Order your new Phone today and get free delivery.,Electronics
Smartphone available at 20% off this weekend.,Electronics
Order your new Smartphone today and get free delivery.,Electronics
Wireless Earbuds available at 20% off this weekend.,Electronics
Vitamin Capsules approved by nutritionists and experts.,Health
Limited time deal on Phone. Don't miss it!,Electronics
Energy Drink at flat 30% discount for a limited time.,Health
Limited time deal on Bluetooth Speaker. Don't miss it!,Electronics
Experience the future of driving with Sedan.,Automobile
Buy the latest Phone now with special discount!,Electronics
SUV now available with 2 years of free service.,Automobile
Vitamin Capsules now with herbal ingredients for daily wellness.,Health
Try our new Energy Drink to boost immunity.,Health
Order your new Phone today and get free delivery.,Electronics
Sedan now available with 2 years of free service.,Automobile
Order your new Smartwatch today and get free delivery.,Electronics
Stay healthy with our range of Vitamin Capsules.,Health
Shoes that redefine your everyday fashion.,Fashion
Book your Scooter test drive today!,Automobile
The all-new Hatchback with better mileage and performance.,Automobile
Hoodie on sale – style meets comfort.,Fashion
Sedan now available with 2 years of free service.,Automobile
Sedan now available with 2 years of free service.,Automobile
Book your Sedan test drive today!,Automobile
Try our new Face Cream to boost immunity.,Health
Limited time deal on Smartwatch. Don't miss it!,Electronics
Buy the latest Laptop now with special discount!,Electronics
Trendy Sneakers now available in all sizes.,Fashion
Trendy T-shirt now available in all sizes.,Fashion
Experience the future of driving with Scooter.,Automobile
Upgrade your wardrobe with our new Hoodie designs.,Fashion
Check out our new Hoodie collection this summer!,Fashion
Laptop available at 20% off this weekend.,Electronics
Limited time deal on Phone. Don't miss it!,Electronics
Experience the future of driving with Scooter.,Automobile
Stay healthy with our range of Ayurvedic Oil.,Health
Try our new Protein Powder to boost immunity.,Health
Order your new Wireless Earbuds today and get free delivery.,Electronics
Electric Bike now available with 2 years of free service.,Automobile
Trendy Shoes now available in all sizes.,Fashion
Energy Drink approved by nutritionists and experts.,Health
Upgrade your wardrobe with our new Hoodie designs.,Fashion
Energy Drink at flat 30% discount for a limited time.,Health
Book your SUV test drive today!,Automobile
Stay healthy with our range of Ayurvedic Oil.,Health
"Scooter – style, speed, and safety in one ride.",Automobile
T-shirt that redefine your everyday fashion.,Fashion
Sunglasses on sale – style meets comfort.,Fashion
Upgrade your wardrobe with our new T-shirt designs.,Fashion
"SUV – style, speed, and safety in one ride.",Automobile
Buy the latest Smartphone now with special discount!,Electronics
The all-new Electric Bike with better mileage and performance.,Automobile
Introducing the new Laptop with advanced features.,Electronics
Scooter now available with 2 years of free service.,Automobile
Energy Drink at flat 30% discount for a limited time.,Health
Upgrade your wardrobe with our new Hoodie designs.,Fashion
Scooter now available with 2 years of free service.,Automobile
Phone available at 20% off this weekend.,Electronics
Check out our new Sunglasses collection this summer!,Fashion
Limited time deal on Phone. Don't miss it!,Electronics
Upgrade your wardrobe with our new Hoodie designs.,Fashion
Energy Drink approved by nutritionists and experts.,Health
Experience the future of driving with Electric Bike.,Automobile
Jeans on sale – style meets comfort.,Fashion
